{
  "averageHarvest": "1185.91",
  "averageHarvestPercent": "62.06",
  "gamesWithHarvest": 490,
  "harvestDistribution": {
    "0-25%": 36,
    "26-50%": 139,
    "51-75%": 171,
    "76-99%": 73,
    "100%": 71
  },
  "harvestByWinner": {
    "Loups": {
      "totalPercent": 87.19314191605496,
      "count": 164,
      "average": "53.17"
    },
    "Villageois": {
      "totalPercent": 199.55431606256073,
      "count": 293,
      "average": "68.11"
    },
    "Idiot du Village": {
      "totalPercent": 5.66902380952381,
      "count": 15,
      "average": "37.79"
    },
    "Amoureux": {
      "totalPercent": 4.5628035913362,
      "count": 8,
      "average": "57.04"
    },
    "La Bête": {
      "totalPercent": 2.2333333333333334,
      "count": 4,
      "average": "55.83"
    },
    "Chasseur de primes": {
      "totalPercent": 0.9933333333333334,
      "count": 2,
      "average": "49.67"
    },
    "Scientifique": {
      "totalPercent": 0.43166666666666664,
      "count": 1,
      "average": "43.17"
    },
    "Agent": {
      "totalPercent": 1.6416666666666666,
      "count": 2,
      "average": "82.08"
    },
    "Espion": {
      "totalPercent": 0.38166666666666665,
      "count": 1,
      "average": "38.17"
    }
  }
}